<?xml version="1.0" encoding="ISO-8859-1"?>
<project name="Maven2 Jetty Plugin">
  <skin>
    <groupId>org.mortbay.jetty</groupId>
    <artifactId>jetty-skin</artifactId>
    <version>6.1.3</version>
  </skin>
  <bannerLeft>
    <name>Maven2 Jetty JSPC Plugin</name>
    <src>http://jetty.mortbay.org/jetty/images/jetty_banner_still.gif</src>
    <href>http://jetty.mortbay.org/jetty6</href>
  </bannerLeft>
  <bannerRight>
    <src>http://maven.apache.org/images/maven-small.gif</src>
  </bannerRight>
  <publishDate format="dd MMM yyyy"/>
  <body>
    <links>
      <item name="Maven2" href="http://maven.apache.org/maven2/"/>
      <item name="Jetty6" href="http://jetty.mortbay.org/jetty6"/>
    </links>
    <menu name="Usage Guides">
      <item name="Intro" href="index.html"/>
      <item name="Usage" href="howto.html"/>
      <item name="Configuration" href="jspc-mojo.html"/>
    </menu>
  </body>
</project>

